<?xml version="1.0" encoding="UTF-8" standalone="yes"?>
<addon id="repository.lstream"
        name="lstream Repository"
        version="0.0.3"
        provider-name="Venom">
    <extension point="xbmc.addon.repository" name="lstream XBMC Addon Repository">
        <checksum>https://raw.githubusercontent.com/demodt/lstream/master/addons.xml.md5</checksum>
        <info compressed="false">https://raw.githubusercontent.com/demodt/lstream/master/addons.xml</info>
        <datadir zip="true">https://github.com/demodt/lstream/raw/master/repo</datadir>
    </extension>

    <extension point="xbmc.addon.metadata">
        <summary lang="fr">lstream Repository</summary>
        <description lang="fr">Installer lstream</description>
        <summary lang="en">lstream Repository</summary>
        <description lang="en">Download and install lstream</description>
        <platform>all</platform>
    </extension>
</addon>
