<?xml version="1.0" encoding="UTF-8"?>
<window id="130">
	<defaultcontrol always="false">9000</defaultcontrol>
	<allowoverlay>no</allowoverlay>
	<controls>
		<control type="group">
			<visible>!Window.IsVisible(FileBrowser)</visible>
			<!-- <animation effect="slide" start="1100,0" end="0,0" time="400" tween="quadratic" easing="out">WindowOpen</animation> -->
			<!-- <animation effect="slide" start="0,0" end="1100,0" time="400" tween="quadratic" easing="out">WindowClose</animation> -->
            <!-- <animation effect="fade" start="100" end="0" time="800">WindowClose</animation> -->
            <!-- <animation effect="fade" start="0" end="100"  time="1000" delay="500">WindowOpen</animation> -->


            <animation type="WindowOpen">
                <effect type="slide" start="1100,0" end="0,0" time="800" tween="back" easing="out"/>
                <effect type="fade" start="0" end="100" time="800" delay="100"/>
            </animation>
            <animation type="WindowClose">
                <effect type="slide" start="0,0" end="1100,0" time="800" tween="back" easing="in"/>
                <effect type="fade" start="100" end="0" time="800" delay="400"/>
            </animation>

			<control type="image">
				<posx>0</posx>
				<posy>0</posy>
              	<fadetime>200</fadetime>
				<texture fallback="fanart.jpg">$INFO[Window(Home).Property(ListItem.backdrop_url)]</texture>
              	<aspectratio align="center" aligny="center" scalediffuse="false">scale</aspectratio>
			</control>

			<control type="group" id="5500">
				<left>0</left>
				<top>160</top>
				<width>1950</width>
				<height>300</height>
				<align>left</align>

				<!-- <animation type="Conditional" condition="true" reversible="true">-->
				<animation type="conditional" condition="Control.HasFocus(5200)" reversible="false">
					<effect type="slide" start="-400,0" end="0,0" time="800" tween="back" easing="out"/>
					<effect type="fade" start="0" end="100" time="800" delay="100"/>
				</animation>


				<control type="image">
					<left>0</left>
					<top>0</top>
					<width>1950</width>
					<height>260</height>
					<texture colordiffuse="BFFAFAFA">black-back.png</texture>
				</control>

				<control type="wraplist" id="5200">
					<top>0</top>
					<left>40</left>
					<right>40</right>
					<width>1200</width>
					<height>700</height>
					<onleft>5200</onleft>
					<onright>5200</onright>
					<onup>9000</onup>
					<ondown>50</ondown>
					<align>left</align>
					<orientation>horizontal</orientation>


					<itemlayout height="187" width="202">

						<control type="image">
							<left>0</left>
							<top>5</top>
							<width>187</width>
							<height>250</height>
							<texture fallback="actor.png">$INFO[ListItem.icon]</texture>
							<aspectratio align="center" aligny="center">scale</aspectratio>
						</control>

					</itemlayout>

					<focusedlayout height="187" width="202">

						<control type="image">
							<left>0</left>
							<top>5</top>
							<width>187</width>
							<height>250</height>
							<texture fallback="actor.png">$INFO[ListItem.icon]</texture>
							<aspectratio align="center" aligny="center">scale</aspectratio>
						</control>

						<control type="image">
							<left>0</left>
							<top>215</top>
							<width>187</width>
							<height>40</height>
							<texture colordiffuse="BFFAFAFA">black-back.png</texture>
						</control>

						<control type="label">
							<description>title film</description>
							<left>5</left>
							<top>215</top>
							<width>177</width>
							<height>40</height>
							<font>font12_title</font>
							<align>center</align>
							<aligny>center</aligny>
							<selectedcolor>white</selectedcolor>
							<scroll>true</scroll>
							<!-- <label>$INFO[ListItem.Label]</label> -->
							<label>$INFO[ListItem.Label]</label>
						</control>
					</focusedlayout>
				</control>
			</control>

            <control type="image">
                <posx>0</posx>
                <posy>465</posy>
				<width>1950</width>
				<height>340</height>
                <fadetime>200</fadetime>
				<texture colordiffuse="B3FAFAFA" border="10">black-back.png</texture>
			</control>


            <control type="group" id="5300">
                <visible>Control.HasFocus(50)+!Control.IsVisible(5500)</visible>

                <visible>!Container(50).OnNext+!Container(50).OnPrevious</visible>
                <left>0</left>
				<top>160</top>
				<width>1950</width>
				<height>300</height>
                <align>left</align>


                <!-- <animation type="Conditional" condition="true" reversible="true">-->
                <animation type="visible" reversible="false">
                    <effect type="slide" start="-400,0" end="0,0" time="800" tween="back" easing="out"/>
                    <effect type="fade" start="0" end="100" time="800" delay="100"/>
                </animation>


                <control type="image">
                    <left>0</left>
                    <top>0</top>
                    <width>1950</width>
                    <height>260</height>
                    <texture colordiffuse="BFFAFAFA">black-back.png</texture>
                </control>

                <control type="image">
                    <left>40</left>
                    <top>5</top>
					<width>187</width>
					<height>250</height>
                    <texture fallback="actor.png">$INFO[Container(50).ListItem.Icon]</texture>
                    <aspectratio align="center" aligny="center">scale</aspectratio>
                </control>

                <control type="label">
                    <description>Role label2</description>
                    <left>247</left>
                    <top>10</top>
                    <width>600</width>
                    <height>30</height>
                    <font>font30_title</font>
                    <scroll>true</scroll>
                    <align>left</align>
                    <color>white</color>
					<shadowcolor>black</shadowcolor>
                    <label>$INFO[Container(50).ListItem.Label]$INFO[Container(50).ListItem.Label2, $LOCALIZE[20347] ,]</label>
                </control>

				<control type="label">
					<description>birthday</description>
					<left>247</left>
					<top>40</top>
					<width>600</width>
					<height>20</height>
					<font>font12</font>
					<align>left</align>
					<selectedcolor>white</selectedcolor>
					<scroll>false</scroll>
					<!-- <label>$INFO[ListItem.Label]</label> -->
					<label>$INFO[Window(Home).Property(birthday),[B]Date de naissance[/B]: ]$INFO[Window(Home).Property(deathday), / Date de décès: ]</label>
					<visible>!Control.HasFocus(51)</visible>
				</control>
				<control type="label">
					<description>place_of_birth</description>
					<left>247</left>
					<top>60</top>
					<width>600</width>
					<height>20</height>
					<font>font12</font>
					<align>left</align>
					<selectedcolor>white</selectedcolor>
					<scroll>false</scroll>
					<!-- <label>$INFO[ListItem.Label]</label> -->
					<label>$INFO[Window(Home).Property(place_of_birth),[B]Lieu de naissance[/B]: ]</label>
					<visible>!Control.HasFocus(51)</visible>
				</control>
				<control type="textbox">
					<description>bio</description>
                    <top>90</top>
					<left>247</left>
					<height>160</height>
					<width>993</width>
					<font>font13</font>
					<align>justify</align>
					<textcolor>white</textcolor>
					<label>$INFO[Window(Home).Property(biography),[B]Biographie[/B]: ]</label>
					<autoscroll time="3000" delay="6000" repeat="5000">!Control.HasFocus(61)</autoscroll>
				</control>


            </control>

            <!--<control type="image">
                <posx>0</posx>
                <posy>0</posy>
                <width>480</width>
				<height>720</height>
				<fadetime>300</fadetime>
				<aspectratio aligny="top">scale</aspectratio>
                <texture border="40" colordiffuse="FFFAFAFA" background="true" fallback="DefaultVideo.png">$INFO[Window(Home).Property(ListItem.cover_url)]</texture>
                <fadetime>0</fadetime>
            </control>
            <control type="image">
				<left>180</left>
				<top>0</top>
				<width>1100</width>
				<height>720</height>
				<texture border="15,0,0,0" flipx="true">MediaBladeSub.png</texture>
			</control>-->
			<control type="group">
				<animation effect="fade" delay="400" start="0" end="100" time="200">WindowOpen</animation>
				<animation effect="fade" start="100" end="0" time="200">WindowClose</animation>
                <top>480</top>
				<control type="label" id="1">
					<description>header label</description>
					<left>40</left>
					<top>0</top>
					<width>600</width>
					<height>20</height>
					<font>font30_title</font>
					<label>$INFO[Window(Home).Property(Listitem.Title)] ($INFO[Window(Home).Property(ListItem.Year)])</label>
					<shadowcolor>black</shadowcolor>
					<align>left</align>
					<aligny>center</aligny>
					<textcolor>white</textcolor>
				</control>
                <control type="label" id="1">
					<description>header label</description>
					<right>40</right>
					<top>0</top>
					<width>400</width>
					<height>20</height>
					<font>font24</font>
					<label>$INFO[Window(Home).Property(ListItem.Duration)] $LOCALIZE[12391]</label>
					<align>right</align>
					<aligny>center</aligny>
					<textcolor>white</textcolor>
					<shadowcolor>black</shadowcolor>
                    <visible>!IsEmpty(Window(Home).Property(ListItem.Duration))</visible>
				</control>
				<!--<control type="grouplist">
					<description>Media Codec Flagging Images</description>
					<left>200</left>
					<top>480</top>
					<width>600</width>
					<align>left</align>
					<itemgap>2</itemgap>
					<orientation>horizontal</orientation>
					<include>VisibleFadeEffect</include>
					<visible>!Control.IsVisible(50) + [Container.Content(Movies) | Container.Content(Episodes) | Container.Content(MusicVideos)]</visible>
					<include>VideoCodecFlaggingConditions</include>
					<include>AudioCodecFlaggingConditions</include>
					<include>AudioChannelsFlaggingConditions</include>
					<include>AspectCodecFlaggingConditions</include>
					<include>VideoStereoscopicsFlaggingConditions</include>
					<include>VideoTypeHackFlaggingConditions</include>
				</control>-->
				<control type="group">
					<visible>[!container.content(episodes) + !container.content(musicvideos)] + ![Control.HasFocus(12) | Control.HasFocus(15)]</visible>
					<top>25</top>
					<!--<control type="image">
						<left>0</left>
						<top>0</top>
						<width>270</width>
						<height>380</height>
						<aspectratio>stretch</aspectratio>
						<bordertexture border="5">button-nofocus.png</bordertexture>
						<bordersize>4</bordersize>
						<texture background="true">$INFO[Window(Home).Property(ListItem.cover_url)]</texture>
						<visible>!IsEmpty(Window(Home).Property(ListItem.cover_url))</visible>
					</control>-->
					<control type="list" id="49">
						<left>40</left>
						<right>40</right>
						<width>1200</width>
						<height>30</height>
						<onleft>49</onleft>
						<onright>49</onright>
						<onup>9000</onup>
						<ondown>61</ondown>
						<pagecontrol>-</pagecontrol>
						<scrolltime>200</scrolltime>
                        <orientation>horizontal</orientation>

						<itemlayout width="1200" height="30">
							<control type="label">
								<height>30</height>
								<font>font13</font>
								<align>left</align>
								<aligny>center</aligny>
								<textcolor>white</textcolor>
								<selectedcolor>selected</selectedcolor>
								<info>ListItem.Label</info>
                                <scroll>true</scroll>
							</control>
						</itemlayout>
						<focusedlayout width="1200" height="30">
							<control type="label">
								<height>30</height>
								<font>font13</font>
								<align>left</align>
								<aligny>center</aligny>
								<textcolor>white</textcolor>
								<selectedcolor>selected</selectedcolor>
								<info>ListItem.Label</info>
                                <scroll>true</scroll>
							</control>
						</focusedlayout>
						<content>
							<item>
								<label>$LOCALIZE[20339]: [B]$INFO[Window(Home).Property(ListItem.director)][/B] / $LOCALIZE[20417]: [B]$INFO[Window(Home).Property(ListItem.Writer)][/B]</label>
								<onclick>noop</onclick>
								<visible>Control.IsVisible(50)</visible>
							</item>
							<item>
								<label>[B]$INFO[Window(Home).Property(ListItem.Genre)][/B]</label>
								<onclick>noop</onclick>
								<visible>!Control.IsVisible(50)</visible>
							</item>
						</content>
					</control>
				</control>

				<control type="textbox" id="400">
					<description>Description Value for Movies</description>
                    <top>60</top>
					<left>40</left>
					<right>40</right>
					<width>1200</width>
					<height>115</height>
					<font>font13</font>
					<align>justify</align>
					<textcolor>white</textcolor>
					<pagecontrol>61</pagecontrol>
					<label>$INFO[Window(Home).Property(ListItem.Plot)]</label>
					<autoscroll time="3000" delay="4000" repeat="5000">!Control.HasFocus(61)</autoscroll>
					<visible>!Control.IsVisible(50)</visible>
				</control>
                <control type="label">
					<description>rating</description>
                    <top>185</top>
					<left>40</left>
					<width>1080</width>
					<height>40</height>
					<font>font13_title</font>
					<align>left</align>
                    <aligny>center</aligny>
					<textcolor>white</textcolor>
					<label>$INFO[Window(Home).Property(ListItem.rating)]</label>
					<visible>!IsEmpty(Window(Home).Property(ListItem.rating))</visible>
				</control>

                <control type="wraplist" id="50">
					<left>40</left>
					<top>-400</top>
					<right>40</right>
					<height>700</height>
					<onleft>50</onleft>
					<onright>50</onright>
					<onup>5200</onup>
					<ondown>9000</ondown>
                    <align>left</align>
                    <!-- <autoscroll time="4000" delay="4000" repeat="2000">!Control.HasFocus(50)</autoscroll> -->
					<orientation>horizontal</orientation>


					<itemlayout height="120" width="134">
                        <control type="image">
                            <left>0</left>
							<top>455</top>
							<width>120</width>
							<height>120</height>
							<texture fallback="actor.png">$INFO[ListItem.icon]</texture>
                            <aspectratio align="center" aligny="center">scale</aspectratio>
						</control>

                        <control type="image">
                            <left>0</left>
							<top>555</top>
							<width>120</width>
							<height>20</height>
							<texture colordiffuse="4DFAFAFA">black-back.png</texture>
						</control>

						<control type="label">
							<description>Actor and Role</description>
							<left>5</left>
							<top>555</top>
							<width>110</width>
							<height>20</height>
							<font>font12</font>
							<align>center</align>
							<aligny>center</aligny>
							<selectedcolor>white</selectedcolor>
                            <onclick>noop</onclick>
							<label>$INFO[ListItem.Label]</label>
						</control>
					</itemlayout>

					<focusedlayout height="120" width="134">

                        <control type="image">
                            <left>0</left>
							<top>455</top>
							<width>120</width>
							<height>120</height>
							<texture fallback="actor.png">$INFO[ListItem.icon]</texture>
                            <aspectratio align="center" aligny="center">scale</aspectratio>
                        </control>

                        <control type="image">
                            <left>0</left>
							<top>455</top>
							<width>120</width>
							<height>120</height>
							<texture colordiffuse="BFFAFAFA">black-back.png</texture>
                            <visible>Control.HasFocus(50)</visible>
						</control>

                        <control type="image">
                            <left>0</left>
							<top>525</top>
							<width>120</width>
							<height>50</height>
							<texture colordiffuse="BFFAFAFA">black-back.png</texture>
                            <visible>!Control.HasFocus(50)</visible>
						</control>

                        <control type="label">
							<description>Actor label bas doubler </description>
							<left>5</left>
							<top>530</top>
							<width>110</width>
							<height>40</height>
							<font>font12</font>
							<align>center</align>
							<aligny>center</aligny>
							<selectedcolor>white</selectedcolor>
                            <scroll>false</scroll>
							<!-- <label>$INFO[ListItem.Label]</label> -->
                            <label>$INFO[ListItem.Label][CR]$INFO[ListItem.Label2, $LOCALIZE[20347] ,]</label>
                            <visible>!Control.HasFocus(50)</visible>
						</control>

					</focusedlayout>
				</control>


				<control type="grouplist" id="9000">
					<right>40</right>
					<top>185</top>
					<width>1080</width>
					<height>80</height>
					<itemgap>2</itemgap>
					<align>right</align>
					<orientation>horizontal</orientation>
					<onleft>9000</onleft>
					<onright>9000</onright>
					<onup>50</onup>
					<ondown>49</ondown>

					<control type="button" id="5">
						<description>Cast/Review</description>
                        <textoffsetx>5</textoffsetx>
                        <align>center</align>
                        <aligny>center</aligny>
                        <font>font12_title</font>
                        <height>40</height>
                        <width>200</width>
						<label>206</label>
                        <texturenofocus colordiffuse="4DFAFAFA">black-back.png</texturenofocus>
                        <texturefocus colordiffuse="BFFAFAFA">black-back.png</texturefocus>
						<visible>!Control.IsVisible(50)</visible>
					</control>
					<control type="button" id="20">
						<description>Cast/Review</description>
                        <textoffsetx>5</textoffsetx>
                        <align>center</align>
                        <aligny>center</aligny>
                        <font>font12_title</font>
                        <height>40</height>
                        <width>200</width>
						<label>207</label>
                       <texturenofocus colordiffuse="4DFAFAFA">black-back.png</texturenofocus>
                        <texturefocus colordiffuse="BFFAFAFA">black-back.png</texturefocus>
						<visible>Control.IsVisible(50)</visible>
					</control>
					<control type="button" id="11">
						<description>Play Trailer</description>
                        <textoffsetx>5</textoffsetx>
                        <align>center</align>
                        <aligny>center</aligny>
                        <font>font12_title</font>
                        <height>40</height>
                        <width>200</width>
						<label>20410</label>
                        <texturenofocus colordiffuse="4DFAFAFA">black-back.png</texturenofocus>
                        <texturefocus colordiffuse="BFFAFAFA">black-back.png</texturefocus>
						<!--<onclick>PlayMedia($INFO[Window(Home).Property(ListItem.Trailer)])</onclick>-->
						<!--<visible>!IsEmpty(Window(Home).Property(ListItem.Trailer)) + !Skin.HasSetting(WindowedTrailer)</visible>-->
					</control>
                    <control type="button" id="30">
						<description>Close</description>
                        <textoffsetx>5</textoffsetx>
                        <align>center</align>
                        <aligny>center</aligny>
                        <font>font12_title</font>
                        <height>40</height>
                        <width>200</width>
						<label>$ADDON[plugin.video.lstream 30409]</label>
                        <texturenofocus colordiffuse="4DFAFAFA">black-back.png</texturenofocus>
                        <texturefocus colordiffuse="BFFAFAFA">black-back.png</texturefocus>
						<onclick>Action(Close)</onclick>
					</control>
					<!--<control type="button" id="15">
						<description>Play Trailer Windowed</description>
						<include>ButtonInfoDialogsCommonValues</include>
                        <height>40</height>
                        <width>240</width>
						<label>20410</label>
						<onclick>PlayMedia($INFO[Window(Home).Property(ListItem.Trailer)],1)</onclick>
						<visible>!IsEmpty(Window(Home).Property(ListItem.Trailer)) + Skin.HasSetting(WindowedTrailer)</visible>
					</control>
					<control type="button" id="100">
						<description>Fetch TvTunes stuff</description>
						<include>ButtonInfoDialogsCommonValues</include>
                        <height>40</height>
                        <width>240</width>
						<label>31127</label>
						<onclick>RunScript(script.tvtunes,mode=solo)</onclick>
						<visible>Skin.HasSetting(ActivateTvTunes) + System.HasAddon(script.tvtunes) + [Container.Content(TVShows) | Container.Content(movies) | Container.Content(musicvideos)] + IsEmpty(Window(movieinformation).Property("TvTunes_HideVideoInfoButton"))</visible>
					</control>-->
				</control>
			</control>
		</control>
	</controls>
</window>
